{
  "cost_x2": {
    "initial_equity": 10000.0,
    "final_equity": 9940.034316643605,
    "return_pct": -0.5996568335639441,
    "max_drawdown_pct": -0.5996568335639441,
    "sharpe_simple": -1.2055700500374527,
    "num_points": 24111,
    "total_trades": 1,
    "winning_trades": 0,
    "win_rate_pct": 0.0
  }
}