{
  "initial_equity": 10000.0,
  "final_equity": 1984.3001063622207,
  "return_pct": -80.1569989363778,
  "max_drawdown_pct": -80.6371713796362,
  "sharpe_simple": -1.117345463119019,
  "num_points": 39848,
  "total_trades": 6729,
  "winning_trades": 2429,
  "win_rate_pct": 36.09748848268688
}