{
  "initial_equity": 10000.0,
  "final_equity": 9989.233738855904,
  "return_pct": -0.10766261144095068,
  "max_drawdown_pct": -0.10766261144095068,
  "sharpe_simple": -0.7886586025436412,
  "num_points": 56338,
  "total_trades": 1,
  "winning_trades": 0,
  "win_rate_pct": 0.0
}