{
  "window_1": {
    "initial_equity": 10000.0,
    "final_equity": 9963.913095593327,
    "return_pct": -0.36086904406672504,
    "max_drawdown_pct": -0.36086904406672504,
    "sharpe_simple": -3.0715513858636676,
    "num_points": 6028
  },
  "window_2": {
    "initial_equity": 9963.913095593327,
    "final_equity": 9963.913095593327,
    "return_pct": 0.0,
    "max_drawdown_pct": 0.0,
    "sharpe_simple": 0.0,
    "num_points": 6028
  },
  "window_3": {
    "initial_equity": 9963.913095593327,
    "final_equity": 9963.913095593327,
    "return_pct": 0.0,
    "max_drawdown_pct": 0.0,
    "sharpe_simple": 0.0,
    "num_points": 6028
  },
  "window_4": {
    "initial_equity": 9963.913095593327,
    "final_equity": 9954.961345191326,
    "return_pct": -0.08984171495795001,
    "max_drawdown_pct": -0.08984171495795001,
    "sharpe_simple": -2.4115902709321855,
    "num_points": 6027
  }
}