{
  "buy_hold": {
    "initial_equity": 10000.0,
    "final_equity": 9907.160276999088,
    "return_pct": -0.9283972300091259,
    "max_drawdown_pct": -4.443413006770602,
    "sharpe_simple": -1.161411834180699,
    "num_points": 208
  },
  "ma_crossover": {
    "initial_equity": 10000.0,
    "final_equity": 10097.312337441092,
    "return_pct": 0.9731233744109113,
    "max_drawdown_pct": -1.5117939639467393,
    "sharpe_simple": 2.3489001156300913,
    "num_points": 208
  },
  "rsi_rule": {
    "initial_equity": 10000.0,
    "final_equity": 10074.709169037636,
    "return_pct": 0.7470916903763669,
    "max_drawdown_pct": -3.04262418473753,
    "sharpe_simple": 1.9434233857694456,
    "num_points": 208
  },
  "random_policy": {
    "initial_equity": 10000.0,
    "final_equity": 9846.160875067979,
    "return_pct": -1.5383912493202145,
    "max_drawdown_pct": -2.9340863823169583,
    "sharpe_simple": -3.474568728857623,
    "num_points": 208
  }
}