{
  "initial_equity": 10000.0,
  "final_equity": 6258.713026828918,
  "return_pct": -37.41286973171082,
  "max_drawdown_pct": -49.716065172097004,
  "sharpe_simple": -7.381651420014494,
  "num_points": 148,
  "total_trades": 28,
  "winning_trades": 10,
  "win_rate_pct": 35.714285714285715
}