{
  "buy_hold": {
    "initial_equity": 10000.0,
    "final_equity": 6928.429242477575,
    "return_pct": -30.71570757522425,
    "max_drawdown_pct": -63.20292696327561,
    "sharpe_simple": 0.08036907867087617,
    "num_points": 681
  },
  "ma_crossover": {
    "initial_equity": 10000.0,
    "final_equity": 16050.752547266136,
    "return_pct": 60.507525472661364,
    "max_drawdown_pct": -46.88160465730956,
    "sharpe_simple": 0.8040559548817817,
    "num_points": 681
  },
  "rsi_rule": {
    "initial_equity": 10000.0,
    "final_equity": 6447.259251802404,
    "return_pct": -35.527407481975956,
    "max_drawdown_pct": -60.99858881599316,
    "sharpe_simple": -0.08760152085577746,
    "num_points": 681
  },
  "random_policy": {
    "initial_equity": 10000.0,
    "final_equity": 8634.93910952625,
    "return_pct": -13.650608904737494,
    "max_drawdown_pct": -58.98911214369183,
    "sharpe_simple": -0.021886694588403376,
    "num_points": 681
  }
}