{
  "buy_hold": {
    "initial_equity": 10000.0,
    "final_equity": 10334.592552617378,
    "return_pct": 3.3459255261737875,
    "max_drawdown_pct": -16.761510605276765,
    "sharpe_simple": 0.3391710535987224,
    "num_points": 25513
  },
  "ma_crossover": {
    "initial_equity": 10000.0,
    "final_equity": 9116.988899395346,
    "return_pct": -8.830111006046536,
    "max_drawdown_pct": -16.738477874627357,
    "sharpe_simple": -0.9888550783088746,
    "num_points": 25513
  },
  "rsi_rule": {
    "initial_equity": 10000.0,
    "final_equity": 11081.837476581415,
    "return_pct": 10.818374765814154,
    "max_drawdown_pct": -8.424847255666956,
    "sharpe_simple": 1.0704374622868866,
    "num_points": 25513
  },
  "random_policy": {
    "initial_equity": 10000.0,
    "final_equity": 9391.240662475853,
    "return_pct": -6.087593375241463,
    "max_drawdown_pct": -10.40797665950467,
    "sharpe_simple": -0.7992280334430859,
    "num_points": 25513
  }
}