{
  "initial_equity": 10000.0,
  "final_equity": 10815.834432621807,
  "return_pct": 8.15834432621807,
  "max_drawdown_pct": 0.0,
  "sharpe_simple": 1.5508938805300536,
  "num_points": 3647,
  "total_trades": 4,
  "winning_trades": 4,
  "win_rate_pct": 100.0
}