{
  "window_1": {
    "initial_equity": 10000.0,
    "final_equity": 10197.999999996786,
    "return_pct": 1.979999999967852,
    "max_drawdown_pct": 0.0,
    "sharpe_simple": 1.5513198917674615,
    "num_points": 912
  },
  "window_2": {
    "initial_equity": 10197.999999996786,
    "final_equity": 10815.834432621807,
    "return_pct": 6.058388239117618,
    "max_drawdown_pct": 0.0,
    "sharpe_simple": 2.6899224560167645,
    "num_points": 912
  },
  "window_3": {
    "initial_equity": 10815.834432621807,
    "final_equity": 10815.834432621807,
    "return_pct": 0.0,
    "max_drawdown_pct": 0.0,
    "sharpe_simple": 0.0,
    "num_points": 912
  },
  "window_4": {
    "initial_equity": 10815.834432621807,
    "final_equity": 10815.834432621807,
    "return_pct": 0.0,
    "max_drawdown_pct": 0.0,
    "sharpe_simple": 0.0,
    "num_points": 911
  }
}