{
  "buy_hold": {
    "initial_equity": 10000.0,
    "final_equity": 4706.66161998486,
    "return_pct": -52.933383800151404,
    "max_drawdown_pct": -80.80667593880389,
    "sharpe_simple": -0.5139055859200764,
    "num_points": 6031
  },
  "ma_crossover": {
    "initial_equity": 10000.0,
    "final_equity": 13638.875445219172,
    "return_pct": 36.38875445219172,
    "max_drawdown_pct": -45.146292975715376,
    "sharpe_simple": 0.9985139202073167,
    "num_points": 6031
  },
  "rsi_rule": {
    "initial_equity": 10000.0,
    "final_equity": 4589.4845634892545,
    "return_pct": -54.10515436510745,
    "max_drawdown_pct": -74.50399428578169,
    "sharpe_simple": -0.9347060228908431,
    "num_points": 6031
  },
  "random_policy": {
    "initial_equity": 10000.0,
    "final_equity": 7792.956348651794,
    "return_pct": -22.07043651348206,
    "max_drawdown_pct": -64.68294827739815,
    "sharpe_simple": -0.31968777433642837,
    "num_points": 6031
  }
}