{
  "window_1": {
    "initial_equity": 10000.0,
    "final_equity": 8625.91129785571,
    "return_pct": -13.740887021442905,
    "max_drawdown_pct": -13.740887021442905,
    "sharpe_simple": -21.840455024228202,
    "num_points": 37
  },
  "window_2": {
    "initial_equity": 8123.91129785571,
    "final_equity": 5706.177362827686,
    "return_pct": -29.76071311445978,
    "max_drawdown_pct": -38.1037864837651,
    "sharpe_simple": -19.617386025006475,
    "num_points": 37
  },
  "window_3": {
    "initial_equity": 5706.177362827686,
    "final_equity": 5840.3266873118555,
    "return_pct": 2.350949084724774,
    "max_drawdown_pct": -15.901389330354544,
    "sharpe_simple": 3.4535562202868535,
    "num_points": 37
  },
  "window_4": {
    "initial_equity": 5840.3266873118555,
    "final_equity": 6258.713026828918,
    "return_pct": 7.163748911957435,
    "max_drawdown_pct": -14.234405291836838,
    "sharpe_simple": 6.6769452757183325,
    "num_points": 37
  }
}