{
  "cost_x2": {
    "initial_equity": 10000.0,
    "final_equity": -1425.1698385982745,
    "return_pct": -114.25169838598275,
    "max_drawdown_pct": -133.0615776253966,
    "sharpe_simple": 1.4273621488248744,
    "num_points": 2560,
    "total_trades": 459,
    "winning_trades": 279,
    "win_rate_pct": 60.78431372549019
  }
}