{
  "window_1": {
    "initial_equity": 10000.0,
    "final_equity": 10373.35410974238,
    "return_pct": 3.7335410974238092,
    "max_drawdown_pct": -86.66277498857318,
    "sharpe_simple": 2.552299622821849,
    "num_points": 640
  },
  "window_2": {
    "initial_equity": 10373.35410974238,
    "final_equity": 2812.856229983423,
    "return_pct": -72.88383101332998,
    "max_drawdown_pct": -95.56431191358989,
    "sharpe_simple": 0.9466685696900541,
    "num_points": 640
  },
  "window_3": {
    "initial_equity": 2812.856229983423,
    "final_equity": -852.4953848244986,
    "return_pct": -130.3071083312894,
    "max_drawdown_pct": -121.3804451187181,
    "sharpe_simple": 0.19193815185496182,
    "num_points": 640
  },
  "window_4": {
    "initial_equity": -852.4953848244986,
    "final_equity": -1057.962802585338,
    "return_pct": 24.10188036421319,
    "max_drawdown_pct": -284963129178664.9,
    "sharpe_simple": 0.9507214199135321,
    "num_points": 640
  }
}