{
  "buy_hold": {
    "initial_equity": 10000.0,
    "final_equity": 11346.571305278065,
    "return_pct": 13.465713052780636,
    "max_drawdown_pct": -9.589496926246765,
    "sharpe_simple": 2.676869905469232,
    "num_points": 1306
  },
  "ma_crossover": {
    "initial_equity": 10000.0,
    "final_equity": 10585.677560988934,
    "return_pct": 5.856775609889331,
    "max_drawdown_pct": -5.349894102081709,
    "sharpe_simple": 1.5748251031824978,
    "num_points": 1306
  },
  "rsi_rule": {
    "initial_equity": 10000.0,
    "final_equity": 10714.724310005959,
    "return_pct": 7.147243100059586,
    "max_drawdown_pct": -6.104505411527661,
    "sharpe_simple": 2.441722518667895,
    "num_points": 1306
  },
  "random_policy": {
    "initial_equity": 10000.0,
    "final_equity": 9190.463378120594,
    "return_pct": -8.095366218794064,
    "max_drawdown_pct": -13.221052819294766,
    "sharpe_simple": -3.0786576379830355,
    "num_points": 1306
  }
}