{
  "window_1": {
    "initial_equity": 10000.0,
    "final_equity": 9415.345543628619,
    "return_pct": -5.8465445637138185,
    "max_drawdown_pct": -8.278239004611143,
    "sharpe_simple": -5.105331123011402,
    "num_points": 312
  },
  "window_2": {
    "initial_equity": 9601.769385392343,
    "final_equity": 8899.492278667516,
    "return_pct": -7.314038470797235,
    "max_drawdown_pct": -10.138156374699003,
    "sharpe_simple": -7.094690086635326,
    "num_points": 312
  },
  "window_3": {
    "initial_equity": 8899.492278667516,
    "final_equity": 9301.02938917242,
    "return_pct": 4.511910319506729,
    "max_drawdown_pct": -2.6066391186902793,
    "sharpe_simple": 4.0923983796367525,
    "num_points": 311
  },
  "window_4": {
    "initial_equity": 9301.02938917242,
    "final_equity": 9913.725907013499,
    "return_pct": 6.587405460242235,
    "max_drawdown_pct": -2.065690829539024,
    "sharpe_simple": 7.145720276782347,
    "num_points": 311
  }
}