{
  "initial_equity": 10000.0,
  "final_equity": 9292.935328780368,
  "return_pct": -7.070646712196327,
  "max_drawdown_pct": -25.43082326981366,
  "sharpe_simple": -0.9704563046554663,
  "num_points": 217,
  "total_trades": 64,
  "winning_trades": 34,
  "win_rate_pct": 53.125
}