{
  "cost_x2": {
    "initial_equity": 10000.0,
    "final_equity": 10038.655509736622,
    "return_pct": 0.38655509736622573,
    "max_drawdown_pct": -12.158922790698801,
    "sharpe_simple": 0.24406098718279953,
    "num_points": 1246,
    "total_trades": 150,
    "winning_trades": 50,
    "win_rate_pct": 33.333333333333336
  }
}