{
  "buy_hold": {
    "initial_equity": 10000.0,
    "final_equity": 21600.692940666955,
    "return_pct": 116.00692940666954,
    "max_drawdown_pct": -17.405419529419774,
    "sharpe_simple": 2.4394056498611274,
    "num_points": 3573
  },
  "ma_crossover": {
    "initial_equity": 10000.0,
    "final_equity": 17279.031901573126,
    "return_pct": 72.79031901573126,
    "max_drawdown_pct": -13.381308869508556,
    "sharpe_simple": 2.1836611964253567,
    "num_points": 3573
  },
  "rsi_rule": {
    "initial_equity": 10000.0,
    "final_equity": 14547.242815818585,
    "return_pct": 45.47242815818584,
    "max_drawdown_pct": -8.012353797735894,
    "sharpe_simple": 1.8164219010327587,
    "num_points": 3573
  },
  "random_policy": {
    "initial_equity": 10000.0,
    "final_equity": 11060.388365182958,
    "return_pct": 10.603883651829582,
    "max_drawdown_pct": -8.719446817687714,
    "sharpe_simple": 0.6395139468518186,
    "num_points": 3573
  }
}