{
  "window_1": {
    "initial_equity": 10000.0,
    "final_equity": 10455.79028372692,
    "return_pct": 4.557902837269201,
    "max_drawdown_pct": -7.864028828397551,
    "sharpe_simple": 0.8125960789461696,
    "num_points": 879
  },
  "window_2": {
    "initial_equity": 10455.79028372692,
    "final_equity": 11042.662990472123,
    "return_pct": 5.612896689967051,
    "max_drawdown_pct": -6.437171040667334,
    "sharpe_simple": 0.9465161259789004,
    "num_points": 878
  },
  "window_3": {
    "initial_equity": 11042.662990472123,
    "final_equity": 9564.783279679752,
    "return_pct": -13.383363343312404,
    "max_drawdown_pct": -19.3315979779923,
    "sharpe_simple": -2.5028300171498374,
    "num_points": 878
  },
  "window_4": {
    "initial_equity": 9564.783279679752,
    "final_equity": 10830.622753268783,
    "return_pct": 13.234376949013459,
    "max_drawdown_pct": -6.437171040455613,
    "sharpe_simple": 1.69237695762591,
    "num_points": 878
  }
}