{
  "buy_hold": {
    "initial_equity": 10000.0,
    "final_equity": 11044.846253943497,
    "return_pct": 10.448462539434967,
    "max_drawdown_pct": -11.849875281549627,
    "sharpe_simple": 1.102923888504901,
    "num_points": 101
  },
  "ma_crossover": {
    "initial_equity": 10000.0,
    "final_equity": 10207.198045648622,
    "return_pct": 2.071980456486222,
    "max_drawdown_pct": -9.440169555870703,
    "sharpe_simple": 0.45088164211902376,
    "num_points": 101
  },
  "rsi_rule": {
    "initial_equity": 10000.0,
    "final_equity": 11044.846253943495,
    "return_pct": 10.448462539434944,
    "max_drawdown_pct": -11.849875281549604,
    "sharpe_simple": 1.1029238885048986,
    "num_points": 101
  },
  "random_policy": {
    "initial_equity": 10000.0,
    "final_equity": 10743.183241199198,
    "return_pct": 7.43183241199199,
    "max_drawdown_pct": -5.43008166478911,
    "sharpe_simple": 1.5876204826478342,
    "num_points": 101
  }
}