{
  "buy_hold": {
    "initial_equity": 10000.0,
    "final_equity": 5647.748322508439,
    "return_pct": -43.52251677491561,
    "max_drawdown_pct": -67.21392902034937,
    "sharpe_simple": -0.7698482609979915,
    "num_points": 2013
  },
  "ma_crossover": {
    "initial_equity": 10000.0,
    "final_equity": 8699.734354259941,
    "return_pct": -13.002656457400585,
    "max_drawdown_pct": -48.78945016637649,
    "sharpe_simple": -0.27105171722839666,
    "num_points": 2013
  },
  "rsi_rule": {
    "initial_equity": 10000.0,
    "final_equity": 5543.464971463163,
    "return_pct": -44.56535028536837,
    "max_drawdown_pct": -59.48697841311146,
    "sharpe_simple": -1.0572138642823687,
    "num_points": 2013
  },
  "random_policy": {
    "initial_equity": 10000.0,
    "final_equity": 11053.768708843289,
    "return_pct": 10.537687088432879,
    "max_drawdown_pct": -22.79333369149198,
    "sharpe_simple": 0.4905925709312162,
    "num_points": 2013
  }
}