{
  "best_params": {
    "learning_rate": 6.531444894427041e-05,
    "ent_coef": 0.0030436076742559135,
    "n_steps": 4096,
    "batch_size": 256
  },
  "best_value": -25.79368218774417,
  "trials": 1
}