{
  "cost_x2": {
    "initial_equity": 10000.0,
    "final_equity": 10364.731441870492,
    "return_pct": 3.6473144187049167,
    "max_drawdown_pct": -2.0691840000084616,
    "sharpe_simple": 0.8785222152522417,
    "num_points": 1953,
    "total_trades": 8,
    "winning_trades": 4,
    "win_rate_pct": 50.0
  }
}